Intercept,alpha_SLF,beta_OSF,gamma_SLF_OSF,MAE,Pearson_r
0.2302317205572914,0.17920551509374988,0.23072807151041655,0.10404014406250044,0.08116087851458326,0.8026199718394377
